"Status","Start Time","Stop Time","Duration in ms","Parent Suite","Suite","Sub Suite","Test Class","Test Method","Name","Description"
"passed","Mon Mar 09 01:03:22 MSK 2026","Mon Mar 09 01:03:35 MSK 2026","13297","","ConstructorNavigationTest","","ConstructorNavigationTest","shouldSwitchToFillingsSection","Конструктор: переход на вкладку «Начинки»","Пользователь переключается на вкладку «Начинки» в конструкторе бургера. Проверяется отображение секции начинок."
"passed","Mon Mar 09 01:04:28 MSK 2026","Mon Mar 09 01:04:44 MSK 2026","16372","","LoginTest","","LoginTest","shouldLoginViaLoginButtonOnRegistrationForm","Вход через кнопку «Зарегистрироваться» в форме регистрации","Пользователь открывает форму регистрации, переходит на страницу входа через ссылку «Войти» и успешно авторизуется."
"passed","Mon Mar 09 01:02:07 MSK 2026","Mon Mar 09 01:02:52 MSK 2026","44951","","RegistrationTest","","RegistrationTest","shouldRegisterSuccessfullyWithValidData","Регистрация: успешная регистрация с валидными данными - переход на /login","Пользователь заполняет форму регистрации валидными данными, успешно создаёт аккаунт, проходит авторизацию и перенаправляется на главную страницу."
"passed","Mon Mar 09 01:03:48 MSK 2026","Mon Mar 09 01:04:14 MSK 2026","26116","","LoginTest","","LoginTest","shouldLoginViaLoginButtonOnForgotPasswordForm","Вход через кнопку «Восстановить пароль» в форме восстановления пароля","Пользователь открывает страницу восстановления пароля, переходит по ссылке «Войти» и успешно выполняет авторизацию."
"passed","Mon Mar 09 01:04:44 MSK 2026","Mon Mar 09 01:04:59 MSK 2026","14973","","LoginTest","","LoginTest","shouldLoginFromMainLoginButton","Вход: по кнопке «Войти в аккаунт» на главной","Пользователь переходит на форму логина через кнопку «Войти в аккаунт», вводит корректные email и пароль и успешно авторизуется."
"passed","Mon Mar 09 01:03:35 MSK 2026","Mon Mar 09 01:03:48 MSK 2026","13186","","ConstructorNavigationTest","","ConstructorNavigationTest","shouldSwitchToSaucesSection","Конструктор: переход на вкладку «Соусы»","Пользователь переключается на вкладку «Соусы» в конструкторе бургера. Проверяется отображение секции соусов."
"passed","Mon Mar 09 01:03:08 MSK 2026","Mon Mar 09 01:03:22 MSK 2026","13333","","ConstructorNavigationTest","","ConstructorNavigationTest","shouldSwitchToBunsSection","Конструктор: переход на вкладку «Булки»","Пользователь переключается на вкладку «Булки» в конструкторе бургера. Проверяется отображение секции булок."
"passed","Mon Mar 09 01:02:53 MSK 2026","Mon Mar 09 01:03:08 MSK 2026","15369","","RegistrationTest","","RegistrationTest","shouldShowErrorForPasswordLessThanSixCharacters","Регистрация: пароль меньше 6 символов - ошибка 'Некорректный пароль'","Пользователь вводит пароль длиной менее 6 символов. Система остаётся на странице регистрации и отображает сообщение об ошибке валидации пароля."
"passed","Mon Mar 09 01:04:14 MSK 2026","Mon Mar 09 01:04:28 MSK 2026","13678","","LoginTest","","LoginTest","shouldLoginViaLoginButtonOnMainPage","Вход через кнопку «Личный кабинет»","Пользователь нажимает «Личный кабинет», вводит корректные данные и успешно входит в систему."
